{
    "Tag": "R1_DMSPRITEDEF",
    "DmTrackTag": "",
    "Params2": [
        0,
        0,
        0
    ],
    "BoundingBoxMin": [
        0,
        0,
        0
    ],
    "BoundingBoxMax": [
        0,
        0,
        0
    ],
    "CenterOffset": [
        1099,
        766,
        54
    ],
    "Vertices": [
        [
            300.4375,
            -66.28125,
            25.96875
        ],
        [
            -299.3125,
            -66.28125,
            25.96875
        ],
        [
            -299.3125,
            -318.1875,
            25.96875
        ],
        [
            -299.3125,
            -332.1875,
            25.96875
        ],
        [
            110.53125,
            -332.1875,
            25.96875
        ],
        [
            300.4375,
            -332.1875,
            25.96875
        ],
        [
            300.4375,
            333.5625,
            25.96875
        ],
        [
            -299.3125,
            333.5625,
            25.96875
        ],
        [
            -299.3125,
            33.6875,
            25.96875
        ],
        [
            300.4375,
            -66.28125,
            25.96875
        ],
        [
            -299.3125,
            -66.28125,
            25.96875
        ],
        [
            300.4375,
            333.5625,
            -24
        ],
        [
            -299.3125,
            333.5625,
            -24
        ],
        [
            -299.3125,
            33.6875,
            -14.03125
        ],
        [
            -299.3125,
            33.6875,
            -24
        ],
        [
            -299.3125,
            -66.28125,
            -14.03125
        ],
        [
            -299.3125,
            -66.28125,
            -24
        ],
        [
            300.4375,
            333.5625,
            25.96875
        ],
        [
            -299.3125,
            333.5625,
            25.96875
        ],
        [
            -299.3125,
            33.6875,
            25.96875
        ],
        [
            -299.3125,
            333.5625,
            -24
        ],
        [
            -299.3125,
            33.6875,
            -14.03125
        ],
        [
            -299.3125,
            33.6875,
            -24
        ],
        [
            -299.3125,
            333.5625,
            25.96875
        ]
    ],
    "UVs": [
        [
            -22.324219,
            -23.648438
        ],
        [
            -22.324219,
            -3.65625
        ],
        [
            -13.925781,
            -3.65625
        ],
        [
            -13.4609375,
            -3.65625
        ],
        [
            -13.4609375,
            -17.316406
        ],
        [
            -13.4609375,
            -23.648438
        ],
        [
            -35.652344,
            -23.648438
        ],
        [
            -35.652344,
            -3.65625
        ],
        [
            -25.65625,
            -3.65625
        ],
        [
            -22.324219,
            -23.648438
        ],
        [
            -22.324219,
            -3.65625
        ],
        [
            35.984375,
            23.75
        ],
        [
            20.992188,
            23.75
        ],
        [
            20.992188,
            24
        ],
        [
            20.992188,
            23.75
        ],
        [
            18.492188,
            24
        ],
        [
            18.492188,
            23.75
        ],
        [
            35.984375,
            25
        ],
        [
            20.992188,
            25
        ],
        [
            20.992188,
            25
        ],
        [
            28.488281,
            23.75
        ],
        [
            20.992188,
            24
        ],
        [
            20.992188,
            23.75
        ],
        [
            28.488281,
            25
        ]
    ],
    "VertexNormals": [
        [
            0,
            0,
            -0.9921875
        ],
        [
            0,
            0,
            -0.9921875
        ],
        [
            0,
            0,
            -0.9921875
        ],
        [
            0,
            0,
            -0.9921875
        ],
        [
            0,
            0,
            -0.9921875
        ],
        [
            0,
            0,
            -0.9921875
        ],
        [
            0,
            0,
            -0.9921875
        ],
        [
            0,
            0,
            -0.9921875
        ],
        [
            0,
            0,
            -0.9921875
        ],
        [
            0,
            0,
            -0.9921875
        ],
        [
            0,
            0,
            -0.9921875
        ],
        [
            0,
            -0.9921875,
            0
        ],
        [
            0,
            -0.9921875,
            0
        ],
        [
            0.9921875,
            0,
            0
        ],
        [
            0.9921875,
            0,
            0
        ],
        [
            0.9921875,
            0,
            0
        ],
        [
            0.9921875,
            0,
            0
        ],
        [
            0,
            -0.9921875,
            0
        ],
        [
            0,
            -0.9921875,
            0
        ],
        [
            0.9921875,
            0,
            0
        ],
        [
            0.9921875,
            0,
            0
        ],
        [
            0.9921875,
            0,
            0
        ],
        [
            0.9921875,
            0,
            0
        ],
        [
            0.9921875,
            0,
            0
        ]
    ],
    "VertexColors": [
        [
            0,
            0,
            0,
            0
        ],
        [
            0,
            0,
            0,
            0
        ],
        [
            0,
            0,
            0,
            0
        ],
        [
            0,
            0,
            0,
            0
        ],
        [
            0,
            0,
            0,
            0
        ],
        [
            0,
            0,
            0,
            0
        ],
        [
            0,
            0,
            0,
            0
        ],
        [
            0,
            0,
            0,
            0
        ],
        [
            0,
            0,
            0,
            0
        ],
        [
            0,
            0,
            0,
            0
        ],
        [
            0,
            0,
            0,
            0
        ],
        [
            0,
            0,
            0,
            238
        ],
        [
            0,
            0,
            0,
            231
        ],
        [
            0,
            0,
            0,
            238
        ],
        [
            0,
            0,
            0,
            237
        ],
        [
            0,
            0,
            0,
            236
        ],
        [
            0,
            0,
            0,
            235
        ],
        [
            0,
            0,
            0,
            239
        ],
        [
            0,
            0,
            0,
            232
        ],
        [
            0,
            0,
            0,
            237
        ],
        [
            0,
            0,
            0,
            231
        ],
        [
            0,
            0,
            0,
            238
        ],
        [
            0,
            0,
            0,
            237
        ],
        [
            0,
            0,
            0,
            233
        ]
    ],
    "SkinAssignmentGroups": null,
    "MaterialPaletteTag": "QEYNOS2_MP",
    "Faces": [
        {
            "Passable": 0,
            "Triangle": [
                0,
                1,
                2
            ]
        },
        {
            "Passable": 0,